timestamp,open,high,low,close,volume
2025-04-15,155.3000,164.0300,142.6600,158.6800,326879166
2025-03-31,173.7300,176.9000,152.2100,156.2300,477340928
2025-02-28,202.2150,208.7000,168.3900,172.2200,395557907
2025-01-31,191.4850,207.0800,188.6600,205.6000,324474953
2024-12-31,170.3200,202.8800,170.2700,190.4400,447509909
2024-11-29,171.5400,184.0250,165.3100,170.4900,360653990
2024-10-31,168.8600,183.7900,161.1200,172.6900,381772171
2024-09-30,163.3150,167.3600,148.2000,167.1900,387665966
2024-08-30,171.9800,175.6800,156.6000,165.1100,389619175
2024-07-31,184.4800,193.3100,165.8650,173.1500,354591866
2024-06-28,173.8800,187.5000,172.4500,183.4200,351402985
2024-05-31,166.1800,179.9500,164.9000,173.9600,391990581
2024-04-30,151.8300,176.4200,151.0810,164.6400,487116614
2024-03-28,139.6100,153.2000,131.5500,152.2600,506789382
2024-02-29,143.6900,150.6950,136.6400,139.7800,475266070
2024-01-31,139.6000,155.2000,136.8500,141.8000,428139685
2023-12-29,133.3200,143.9450,129.4000,140.9300,481964446
2023-11-30,125.3400,141.1000,124.9250,133.9200,405702609
2023-10-31,132.1550,142.3800,121.4600,125.3000,514909680
2023-09-29,138.4300,139.9300,128.1900,131.8500,389661374
2023-08-31,130.8550,138.4000,127.0000,137.3500,463648503
2023-07-31,120.3200,134.0700,115.8300,133.1100,525559527
2023-06-30,123.5000,129.5500,116.9100,120.9700,521483047
2023-05-31,107.7200,127.0500,104.5000,123.3700,620306000
2023-04-28,102.6700,109.6300,102.3800,108.2200,461168243
2023-03-31,90.1600,107.5100,89.7700,104.0000,725590594
2023-02-28,99.7400,108.8200,88.8600,90.3000,754465909
2023-01-31,89.8300,101.5800,85.5700,99.8700,526177891
2022-12-30,101.4000,102.5900,86.3701,88.7300,498585560
2022-11-30,95.5900,101.4500,83.4500,101.4500,603456198
2022-10-31,97.2200,105.0999,91.9000,94.6600,584705310
2022-09-30,109.2000,112.6400,96.0300,96.1500,532842467
2022-08-31,115.5300,123.2600,108.8000,109.1500,430922710
2022-07-29,2166.7400,2408.7000,104.7600,116.6400,339525726
2022-06-30,2298.6300,2387.9696,2112.5706,2187.4500,31358279
2022-05-31,2278.1300,2462.8600,2044.1600,2280.7800,35869499
2022-04-29,2800.2000,2880.8750,2262.4850,2299.3300,28022017
2022-03-31,2689.6000,2883.2500,2517.2150,2792.9900,31811236
2022-02-28,2756.7000,3042.0000,2495.2900,2697.8200,36609705
2022-01-31,2889.5100,2932.2000,2492.8390,2713.9700,30699124
2021-12-31,2884.2500,2992.1000,2805.0000,2893.5900,23950206
2021-11-30,2963.3000,3037.0000,2841.3200,2849.0400,22120136
2021-10-29,2671.0900,2982.3600,2623.3300,2965.4100,24830507
2021-09-30,2913.0000,2936.4099,2660.0000,2665.3100,25265626
2021-08-31,2709.6900,2929.7899,2683.6700,2909.2400,18615809
2021-07-30,2496.9950,2800.2200,2496.9950,2704.4200,22824857
2021-06-30,2422.0000,2555.9200,2382.8300,2506.3200,27425377
2021-05-28,2402.7200,2442.9440,2230.0500,2411.5600,25456404
2021-04-30,2097.9500,2452.3780,2096.8900,2410.1200,30727072
2021-03-31,2056.5200,2128.8100,2010.0000,2068.6300,34796574
2021-02-26,1853.5700,2152.6800,1850.9300,2036.8600,29111908
2021-01-29,1757.5400,1934.8600,1699.0000,1835.7400,33082794
2020-12-31,1774.3700,1847.2000,1699.0000,1751.8800,31422606
2020-11-30,1628.1600,1818.0600,1616.0300,1760.7400,34952246
2020-10-30,1484.2700,1687.0000,1436.0000,1621.0100,39260343
2020-09-30,1636.6300,1733.1799,1406.5500,1469.6000,40570621
2020-08-31,1486.6400,1659.2200,1458.6500,1634.1800,37293396
2020-07-31,1411.1000,1586.9900,1409.8200,1482.9600,35346094
2020-06-30,1418.3900,1475.9410,1347.0100,1413.6100,38833324
2020-05-29,1328.5000,1441.0000,1299.0000,1428.9200,31883800
2020-04-30,1122.0000,1359.9900,1079.8100,1348.6600,46336723
2020-03-31,1351.6100,1410.1500,1013.5360,1162.8100,71398419
2020-02-28,1462.0000,1532.1060,1271.0000,1339.3300,37103140
2020-01-31,1341.5500,1503.2140,1341.5500,1434.2300,33406912
2019-12-31,1301.0000,1365.0000,1279.0000,1337.0200,27627707
2019-11-29,1265.0000,1335.5290,1260.5000,1304.9600,24956906
2019-10-31,1219.0000,1299.3100,1162.4300,1260.1100,29219555
2019-09-30,1177.0300,1248.3000,1163.2000,1219.0000,27186490
2019-08-30,1214.0300,1234.1100,1140.1400,1188.1000,28921401
2019-07-31,1098.0000,1265.5500,1093.7030,1216.6800,32952483
2019-06-28,1065.5000,1124.1100,1025.0000,1080.9100,34098832
2019-05-31,1188.0500,1190.8500,1100.1800,1103.6300,33323762
2019-04-30,1184.1000,1289.2700,1175.0000,1188.4800,27860634
2019-03-29,1124.9000,1231.7900,1123.3000,1173.3100,31658936
2019-02-28,1112.4000,1147.0000,1086.0000,1119.9200,28934646
2019-01-31,1016.5700,1117.3300,1014.0700,1116.3700,30714651
2018-12-31,1123.1400,1124.6500,970.1100,1035.6100,40256461
2018-11-30,1075.8000,1095.5700,996.0200,1094.4300,36735570
2018-10-31,1199.8900,1209.9600,995.8300,1076.7700,48496167
2018-09-28,1204.2700,1212.9900,1146.9100,1193.4700,28863199
2018-08-31,1228.0000,1256.5000,1188.2400,1218.1900,28820379
2018-07-31,1099.0000,1273.8900,1093.8000,1217.2600,31953386
2018-06-29,1099.3500,1186.2860,1096.0100,1115.6500,32103642
2018-05-31,1013.6600,1110.7500,1006.2900,1084.9900,31849196
2018-04-30,1022.8200,1094.1650,990.3700,1017.3300,41773275
2018-03-29,1107.8700,1177.0500,980.6400,1031.7900,43301942
2018-02-28,1162.6100,1174.0000,992.5600,1104.7300,40388224
2018-01-31,1048.3400,1186.8900,1045.2300,1169.9400,27111134
2017-12-29,1015.8000,1078.4900,988.2800,1046.4000,27458240
2017-11-30,1017.2100,1062.3800,1013.0100,1021.4100,23723565
2017-10-31,959.9800,1048.3900,947.8400,1016.6400,30768015
2017-09-29,941.1300,959.7864,909.7000,959.1100,27177858
2017-08-31,932.3800,941.9800,903.4000,939.3300,27325965
2017-07-31,912.1800,986.2000,894.7900,930.5000,35416014
2017-06-30,968.9500,988.2500,908.3100,908.7300,42736021
2017-05-31,901.9400,979.2700,901.4500,964.8600,31802202
2017-04-28,829.2200,916.8500,817.0201,905.9600,24742467
2017-03-31,828.8500,853.5000,803.3700,829.5600,33840342
2017-02-28,799.6800,833.4500,791.1900,823.2100,25689522
2017-01-31,778.8100,841.9500,775.8000,796.7900,33332821
2016-12-30,757.4400,804.3799,737.0245,771.8200,32097980
2016-11-30,782.8900,795.6330,727.5400,758.0400,42688236
2016-10-31,774.2500,816.6800,769.5000,784.5400,33956196
2016-09-30,769.2500,789.8500,754.0001,777.2900,27600794
2016-08-31,761.0900,789.7500,761.0900,767.0500,26385341
2016-07-29,692.2000,778.5500,688.2150,768.7900,29914808
2016-06-30,734.5300,737.2100,663.2840,692.1000,39375913
2016-05-31,697.6300,739.7300,689.0100,735.7200,35000414
2016-04-29,738.6000,769.9000,689.0000,693.0100,42154738
2016-03-31,703.6200,757.8800,685.3400,744.9500,41727507
2016-02-29,750.4600,789.8699,663.0600,697.7700,64367114
2016-01-29,743.0000,752.0000,673.2600,742.9500,46561234
2015-12-31,747.1100,779.9800,724.1700,758.8800,43110708
2015-11-30,711.0600,762.7075,705.8500,742.6000,33934938
2015-10-30,608.3700,730.0000,599.8500,710.8100,49513250
2015-09-30,602.3600,650.9000,589.3800,608.4200,47857854
2015-08-31,625.3400,674.9000,565.0500,618.2500,53395840
2015-07-31,524.7300,678.6400,515.1800,625.6100,63319457
2015-06-30,536.7900,543.7400,520.5000,520.5100,34342523
2015-05-29,538.4300,544.1900,521.0850,532.1100,31866779
2015-04-30,548.6000,571.1400,521.0100,537.3400,42283442
2015-03-31,560.5300,577.9100,544.2200,548.0000,38542782
2015-02-27,531.7300,564.7100,518.5500,558.4000,32508126
2015-01-30,529.0100,542.1700,487.5600,534.5200,50087655
2014-12-31,538.9000,541.4100,489.0000,526.4000,45796626
2014-11-28,555.5000,557.9000,530.0800,541.8300,28445740
2014-10-31,576.0100,581.0000,508.1000,559.0800,52083039
2014-09-30,571.8500,596.4800,568.2100,577.3600,33421676
2014-08-29,570.4000,587.3400,560.0000,571.6000,27586000
2014-07-31,578.3200,599.6500,565.0100,571.6000,34516100
2014-06-30,560.7000,582.4500,538.7500,575.2800,37898400
2014-05-30,527.1100,567.8400,503.3000,559.8900,36527700
2014-04-30,558.7100,604.8300,502.8000,526.6600,67171200
